Case,VulLink,NRI,wNRI,UNPM
0,-1,10179231.73102695,7.529092703826951,0.09802174391443257
