Case,VulLink,NRI,wNRI,UNPM
0,11,7762170.741961302,0.8351446727676088,0.021880348831202615
1,12,9497621.644580897,5.641925221852467,0.07612278146110567
2,13,7706885.543008299,0.6794913255684976,0.02053379711554322
3,29,8161112.945678397,1.9395698557958938,0.034947929084843087
4,75,7808209.6734705,0.9629106405990014,0.03767802727584749
