Case,VulLink,NRI,wNRI,UNPM
0,11,7762173.199656301,0.8351442013311142,0.021880347231072437
1,12,9499089.909542298,5.643112775929004,0.07633208207176521
2,13,7710888.238837999,0.6923230282861894,0.021027376840337484
