VulLink,NRI,wNRI,UNPM
29,8161955.8201081,1.9410433000554606,0.03617629027422733
7,8728585.261250904,3.5132062839711558,0.06306277061400901
13,7710888.238837999,0.6923230282861894,0.021027376840337484
