VulLink,NRI,wNRI,UNPM
0,7728491.844197902,0.19577869384359398,-4.772124828939726e-05
1,8362461.1935252,1.9206756960621143,0.026259397442617065
2,7770389.165859698,0.2812932695507489,0.0068539277441742865
3,527692117.96900004,1.8765424292845257e+36,-0.5216727778504499
4,8312284.041932401,1.8220751996672224,0.021327327505361284
5,9453213.278831203,4.9274781170271815,0.08369450492380959
