VulLink,NRI,wNRI,UNPM
3,7698093.058866501,0.6740850942872983,0.016184683512856738
