VulLink,NRI,wNRI,UNPM
48,9829497.529684098,2.1625901331114816,0.03094014056629901
